DOI,keywordID
6697276,999
6697281,999
6697307,999
6697308,999
6697325,999
6697327,999
6697330,999
6697334,999
6697335,999
6697339,999
6697343,999
6697358,999
6697370,999
6697377,999
6697382,999
6697391,999
6697395,999
6697401,999
6697404,999
6697419,999
6697433,999
6697435,999
6697439,999
6697455,999
6697457,999
6697459,999
6697461,999
6697473,999
6697474,999
6697484,999
6697493,999
6697501,999
6697503,999
6697505,999
6697534,999
6697535,999
6697549,999
6697580,999
6697595,999
6697598,999
6697605,999
6697608,999
6697624,999
6697625,999
6697629,999
6697630,999
6697633,999
6697634,999
6697635,999
6697648,999
6697657,999
6697662,999
6697669,999
6697674,999
6697678,999
6697682,999
6697687,999
6697693,999
6697698,999
6697701,999
6697702,999
6697704,999
6697706,999
6697710,999
6697712,999
6697716,999
6697729,999
6697739,999
6697750,999
6697757,999
6697761,999
6697801,999
6697805,999
6697829,999
6697860,999
6697882,999
6697903,999
6697904,999
6697910,999
6697919,999
6697920,999
6697921,999
6697922,999
6697936,999
6697938,999
6697955,999
6697970,999
6697978,999
6697995,999
6698005,999
6698006,999
6698011,999
6698022,999
6698036,999
6698040,999
6698043,999
6698044,999
6698080,999
6698082,999
6698083,999
6698093,999
6698098,999
6698102,999
6698123,999
6698136,999
6698142,999
6698145,999
6698150,999
6698154,999
6698160,999
6698161,999
6698172,999
6698177,999
6698180,999
6698181,999
6698186,999
6698192,999
6698206,999
6698213,999
6698219,999
6698223,999
6698227,999
6698228,999
6698241,999
6698243,999
6698246,999
6698254,999
6698255,999
6698270,999
6698279,999
6698284,999
6698295,999
6698297,999
6698310,999
6698314,999
6698316,999
6698317,999
6698324,999
6698331,999
6698337,999
6698346,999
6698359,999
6698366,999
6698373,999
6698376,999
6698378,999
6698381,999
6698387,999
6698396,999
6698399,999
6698412,999
6698415,999
6698419,999
6698423,999
6698429,999
6698437,999
6698440,999
6698448,999
6698451,999
6698453,999
6698459,999
6698473,999
6698477,999
6698481,999
6698496,999
6698523,999
6698527,999
6698533,999
6698534,999
6698535,999
6698542,999
6698545,999
6698550,999
6698552,999
6698562,999
6698566,999
6698567,999
6698590,999
6698597,999
6698604,999
6698607,999
6698608,999
6698609,999
6698614,999
6698623,999
6698629,999
6698636,999
6698640,999
6698641,999
6698642,999
6698655,999
6698659,999
6698667,999
6698677,999
6698684,999
6698685,999
6698687,999
6698693,999
6698694,999
6698695,999
6698696,999
6698707,999
6698720,999
6698725,999
6698728,999
6698742,999
6698743,999
6698745,999
6698764,999
6698769,999
6698775,999
6698777,999
6698786,999
6698787,999
6698796,999
6698800,999
6698801,999
6698802,999
6698804,999
6698809,999
6698816,999
6698820,999
6698825,999
6698830,999
6698836,999
6698841,999
6698843,999
6698849,999
6698853,999
6698855,999
6698857,999
6698864,999
6698895,999
6698896,999
6698897,999
6698904,999
6698905,999
6698912,999
6698916,999
6698917,999
6698918,999
6698930,999
6698939,999
6698940,999
6698955,999
6698960,999
6698974,999
6698994,999
6699015,999
6699020,999
6699024,999
6699025,999
6699030,999
6699042,999
6699050,999
6699056,999
6699060,999
6699063,999
6699082,999
6699083,999
6699093,999
6699098,999
6699100,999
6699105,999
6699111,999
6699115,999
6699145,999
6699150,999
6699155,999
6699156,999
6699164,999
6699166,999
6699169,999
6699173,999
6699180,999
6699183,999
6699185,999
6699194,999
6699199,999
6699205,999
6699211,999
6699219,999
6699230,999
6699231,999
6699237,999
6699243,999
6699244,999
6699249,999
6699257,999
6699268,999
6699275,999
6699281,999
6699282,999
6699289,999
6699296,999
6699298,999
6699310,999
6699312,999
6699314,999
6699316,999
6699317,999
6699332,999
6699361,999
6699372,999
6699382,999
6699387,999
6699389,999
6699395,999
6699400,999
6699423,999
6699424,999
6699428,999
6699430,999
6699433,999
6699434,999
6699443,999
6699449,999
6699454,999
6699458,999
6699468,999
6699497,999
6699503,999
6699523,999
6699527,999
6699536,999
6699537,999
6699551,999
6699564,999
6699565,999
6699569,999
6699574,999
6699578,999
6699586,999
6699591,999
6699608,999
6699613,999
6699615,999
6699625,999
6699626,999
6699639,999
6699648,999
6699650,999
6699654,999
6699660,999
6699662,999
6699668,999
6699673,999
6699675,999
6699680,999
6699693,999
6699694,999
6699695,999
6699702,999
6699710,999
6699742,999
6699754,999
6699758,999
6699760,999
6699761,999
6699765,999
6699774,999
6699779,999
6699782,999
6699790,999
6699793,999
6699804,999
6699815,999
6699848,999
6699850,999
6699852,999
6699865,999
6699883,999
6699890,999
6699895,999
6699900,999
6699904,999
6699929,999
6699936,999
6699942,999
6699943,999
6699950,999
6699958,999
6699960,999
6699966,999
6699970,999
6699981,999
6699982,999
6699988,999
6700004,999
6700032,999
6700043,999
6700046,999
6700062,999
6700065,999
6700067,999
6700072,999
6700073,999
6700075,999
6700081,999
6700084,999
6700086,999
6700098,999
6700132,999
6700134,999
6700139,999
6700140,999
6700145,999
6700151,999
6700159,999
6700167,999
6700173,999
6700179,999
6700181,999
6700188,999
6700201,999
6700223,999
6700226,999
6700234,999
6700235,999
6700236,999
6700239,999
6700241,999
6700259,999
6700260,999
6700261,999
6700291,999
6700298,999
6700305,999
6700319,999
6700328,999
6700343,999
6700344,999
6700349,999
6700354,999
6700359,999
6700371,999
6700375,999
6700376,999
6700380,999
6700385,999
6700409,999
6700428,999
6700444,999
6700448,999
6700451,999
6700454,999
6700463,999
6700464,999
6700468,999
6700469,999
6700488,999
6700494,999
6700500,999
6700523,999
6700556,999
6700558,999
6700571,999
6700576,999
6700577,999
6700578,999
6700581,999
6700592,999
6700621,999
6700626,999
6700629,999
6700633,999
6700636,999
6700640,999
6700645,999
6700646,999
6700653,999
6700656,999
6700658,999
6700674,999
6700681,999
6700685,999
6700690,999
6700701,999
6700714,999
6700722,999
6700729,999
6700731,999
6700732,999
6700742,999
6700746,999
6700757,999
6700776,999
6700780,999
6700785,999
6700789,999
6700793,999
6700794,999
6700802,999
6700806,999
6700814,999
6700824,999
6700825,999
6700827,999
6700829,999
6700831,999
6700833,999
6700846,999
6700847,999
6700849,999
6700860,999
6700863,999
6700864,999
6700868,999
6700871,999
6700876,999
6700885,999
6700897,999
6700899,999
6700901,999
6700903,999
6700909,999
6700915,999
6700917,999
6700921,999
6700951,999
6700963,999
6700969,999
6700976,999
6700977,999
6700978,999
6700985,999
6700988,999
6700991,999
6700993,999
6701022,999
6701028,999
6701036,999
6701049,999
6701053,999
6701067,999
6701069,999
6701070,999
6701074,999
6701076,999
6701077,999
6701082,999
6701085,999
6701096,999
6701097,999
6701109,999
6701110,999
6701121,999
6701130,999
6701133,999
6701134,999
6701138,999
6701142,999
6701144,999
6701151,999
6701155,999
6701157,999
6701165,999
6701171,999
6701178,999
6701186,999
6701195,999
6701201,999
6701209,999
6701212,999
6701216,999
6701230,999
6701232,999
6701236,999
6701240,999
6701264,999
6701266,999
6701278,999
6701294,999
6701310,999
6701318,999
6701321,999
6701322,999
6701329,999
6701333,999
6701338,999
6701341,999
6701343,999
6701344,999
6701353,999
6701363,999
6701372,999
6701375,999
6701382,999
6701387,999
6701395,999
6701396,999
6701403,999
6701424,999
6701436,999
6701453,999
6701457,999
6701468,999
6701471,999
6701474,999
6701491,999
6701505,999
6701507,999
6701508,999
6701513,999
6701523,999
6701551,999
6701553,999
6701580,999
6701582,999
6701595,999
6701597,999
6701598,999
6701600,999
6701601,999
6701616,999
6701621,999
6701624,999
6701627,999
6701630,999
6701646,999
6701685,999
6701693,999
6701694,999
6701700,999
6701705,999
6701709,999
6701710,999
6701711,999
6701727,999
6701728,999
6701729,999
6701756,999
6701758,999
6701760,999
6701761,999
6701763,999
6701766,999
6701771,999
6701775,999
6701782,999
6701802,999
6701805,999
6701810,999
6701813,999
6701820,999
6701823,999
6701827,999
6701834,999
6701842,999
6701843,999
6701850,999
6701853,999
6701855,999
6701859,999
6701867,999
6701877,999
6701885,999
6701887,999
6701892,999
6701894,999
6701908,999
6701915,999
6701925,999
6701934,999
6701958,999
6701982,999
6702005,999
6702012,999
6702018,999
6702035,999
6702043,999
6702060,999
6702063,999
6702067,999
6702075,999
6702080,999
6702086,999
6702092,999
6702093,999
6702106,999
6702120,999
6702134,999
6702148,999
6702164,999
6702169,999
6702175,999
6702186,999
6702189,999
6702210,999
6702216,999
6702219,999
6702228,999
6702235,999
6702242,999
6702249,999
6702255,999
6702261,999
6702270,999
6702281,999
6702285,999
6702287,999
5501558,1000
6697271,1000
6697280,1000
6697287,1000
6697288,1000
6697291,1000
6697301,1000
6697311,1000
6697314,1000
6697322,1000
6697324,1000
6697328,1000
6697333,1000
6697345,1000
6697346,1000
6697351,1000
6697354,1000
6697355,1000
6697368,1000
6697381,1000
6697384,1000
6697387,1000
6697393,1000
6697396,1000
6697397,1000
6697413,1000
6697415,1000
6697420,1000
6697422,1000
6697423,1000
6697425,1000
6697436,1000
6697440,1000
6697448,1000
6697453,1000
6697460,1000
6697466,1000
6697492,1000
6697499,1000
6697504,1000
6697521,1000
6697522,1000
6697530,1000
6697531,1000
6697538,1000
6697539,1000
6697548,1000
6697555,1000
6697559,1000
6697563,1000
6697570,1000
6697581,1000
6697584,1000
6697587,1000
6697596,1000
6697621,1000
6697636,1000
6697638,1000
6697641,1000
6697642,1000
6697643,1000
6697651,1000
6697652,1000
6697666,1000
6697680,1000
6697681,1000
6697691,1000
6697696,1000
6697713,1000
6697717,1000
6697733,1000
6697734,1000
6697747,1000
6697769,1000
6697772,1000
6697774,1000
6697779,1000
6697781,1000
6697789,1000
6697817,1000
6697834,1000
6697836,1000
6697837,1000
6697845,1000
6697846,1000
6697866,1000
6697878,1000
6697888,1000
6697895,1000
6697898,1000
6697931,1000
6697934,1000
6697947,1000
6697951,1000
6697965,1000
6697968,1000
6697975,1000
6697986,1000
6697988,1000
6697991,1000
6697994,1000
6697996,1000
6698000,1000
6698035,1000
6698037,1000
6698069,1000
6698073,1000
6698109,1000
6698111,1000
6698118,1000
6698119,1000
6698124,1000
6698166,1000
6698169,1000
6698170,1000
6698173,1000
6698179,1000
6698195,1000
6698198,1000
6698202,1000
6698207,1000
6698210,1000
6698217,1000
6698230,1000
6698237,1000
6698250,1000
6698259,1000
6698269,1000
6698275,1000
6698282,1000
6698285,1000
6698293,1000
6698321,1000
6698330,1000
6698333,1000
6698335,1000
6698350,1000
6698356,1000
6698364,1000
6698367,1000
6698372,1000
6698375,1000
6698377,1000
6698379,1000
6698392,1000
6698395,1000
6698404,1000
6698414,1000
6698417,1000
6698441,1000
6698442,1000
6698449,1000
6698466,1000
6698468,1000
6698476,1000
6698501,1000
6698504,1000
6698509,1000
6698513,1000
6698529,1000
6698531,1000
6698544,1000
6698556,1000
6698557,1000
6698561,1000
6698577,1000
6698579,1000
6698583,1000
6698587,1000
6698591,1000
6698601,1000
6698616,1000
6698625,1000
6698637,1000
6698649,1000
6698650,1000
6698662,1000
6698678,1000
6698697,1000
6698699,1000
6698706,1000
6698712,1000
6698717,1000
6698719,1000
6698748,1000
6698750,1000
6698755,1000
6698756,1000
6698762,1000
6698766,1000
6698768,1000
6698793,1000
6698811,1000
6698862,1000
6698876,1000
6698880,1000
6698900,1000
6698902,1000
6698903,1000
6698908,1000
6698914,1000
6698922,1000
6698923,1000
6698928,1000
6698945,1000
6698949,1000
6698964,1000
6698965,1000
6698972,1000
6698978,1000
6698985,1000
6698991,1000
6699006,1000
6699016,1000
6699029,1000
6699038,1000
6699059,1000
6699061,1000
6699069,1000
6699085,1000
6699088,1000
6699090,1000
6699094,1000
6699109,1000
6699125,1000
6699130,1000
6699139,1000
6699148,1000
6699154,1000
6699174,1000
6699175,1000
6699179,1000
6699195,1000
6699203,1000
6699204,1000
6699209,1000
6699220,1000
6699224,1000
6699226,1000
6699248,1000
6699251,1000
6699253,1000
6699256,1000
6699279,1000
6699292,1000
6699299,1000
6699300,1000
6699305,1000
6699313,1000
6699320,1000
6699321,1000
6699324,1000
6699334,1000
6699337,1000
6699339,1000
6699349,1000
6699359,1000
6699360,1000
6699371,1000
6699373,1000
6699375,1000
6699376,1000
6699379,1000
6699385,1000
6699388,1000
6699391,1000
6699396,1000
6699410,1000
6699431,1000
6699444,1000
6699445,1000
6699446,1000
6699447,1000
6699451,1000
6699461,1000
6699467,1000
6699475,1000
6699476,1000
6699482,1000
6699485,1000
6699491,1000
6699492,1000
6699498,1000
6699507,1000
6699514,1000
6699524,1000
6699531,1000
6699535,1000
6699547,1000
6699549,1000
6699552,1000
6699553,1000
6699557,1000
6699570,1000
6699580,1000
6699603,1000
6699618,1000
6699622,1000
6699624,1000
6699630,1000
6699631,1000
6699632,1000
6699633,1000
6699637,1000
6699638,1000
6699657,1000
6699659,1000
6699665,1000
6699666,1000
6699667,1000
6699701,1000
6699708,1000
6699711,1000
6699715,1000
6699718,1000
6699719,1000
6699722,1000
6699724,1000
6699728,1000
6699743,1000
6699747,1000
6699748,1000
6699764,1000
6699773,1000
6699785,1000
6699787,1000
6699796,1000
6699805,1000
6699826,1000
6699839,1000
6699841,1000
6699845,1000
6699849,1000
6699863,1000
6699867,1000
6699875,1000
6699879,1000
6699881,1000
6699886,1000
6699887,1000
6699889,1000
6699894,1000
6699901,1000
6699906,1000
6699908,1000
6699914,1000
6699920,1000
6699928,1000
6699933,1000
6699937,1000
6699939,1000
6699940,1000
6699949,1000
6699959,1000
6699976,1000
6699978,1000
6699993,1000
6699996,1000
6699999,1000
6700001,1000
6700012,1000
6700018,1000
6700042,1000
6700058,1000
6700069,1000
6700078,1000
6700092,1000
6700094,1000
6700105,1000
6700114,1000
6700123,1000
6700127,1000
6700150,1000
6700166,1000
6700176,1000
6700180,1000
6700194,1000
6700197,1000
6700209,1000
6700214,1000
6700225,1000
6700228,1000
6700229,1000
6700238,1000
6700258,1000
6700272,1000
6700273,1000
6700275,1000
6700277,1000
6700282,1000
6700289,1000
6700295,1000
6700303,1000
6700313,1000
6700317,1000
6700338,1000
6700350,1000
6700351,1000
6700360,1000
6700368,1000
6700370,1000
6700382,1000
6700384,1000
6700387,1000
6700388,1000
6700415,1000
6700420,1000
6700422,1000
6700432,1000
6700434,1000
6700436,1000
6700439,1000
6700445,1000
6700450,1000
6700458,1000
6700461,1000
6700462,1000
6700465,1000
6700483,1000
6700496,1000
6700521,1000
6700527,1000
6700530,1000
6700531,1000
6700545,1000
6700547,1000
6700549,1000
6700553,1000
6700557,1000
6700562,1000
6700564,1000
6700572,1000
6700575,1000
6700580,1000
6700589,1000
6700594,1000
6700600,1000
6700606,1000
6700611,1000
6700613,1000
6700615,1000
6700618,1000
6700622,1000
6700623,1000
6700642,1000
6700647,1000
6700670,1000
6700686,1000
6700689,1000
6700700,1000
6700706,1000
6700708,1000
6700720,1000
6700728,1000
6700733,1000
6700745,1000
6700747,1000
6700752,1000
6700756,1000
6700766,1000
6700778,1000
6700786,1000
6700787,1000
6700798,1000
6700808,1000
6700810,1000
6700823,1000
6700832,1000
6700841,1000
6700877,1000
6700878,1000
6700886,1000
6700912,1000
6700919,1000
6700933,1000
6700939,1000
6700948,1000
6700961,1000
6700970,1000
6700990,1000
6700999,1000
6701007,1000
6701012,1000
6701013,1000
6701014,1000
6701020,1000
6701021,1000
6701024,1000
6701033,1000
6701045,1000
6701051,1000
6701052,1000
6701054,1000
6701063,1000
6701064,1000
6701071,1000
6701072,1000
6701075,1000
6701081,1000
6701084,1000
6701090,1000
6701112,1000
6701116,1000
6701123,1000
6701129,1000
6701143,1000
6701160,1000
6701161,1000
6701177,1000
6701187,1000
6701191,1000
6701203,1000
6701207,1000
6701210,1000
6701224,1000
6701226,1000
6701242,1000
6701254,1000
6701256,1000
6701262,1000
6701273,1000
6701275,1000
6701276,1000
6701283,1000
6701289,1000
6701292,1000
6701301,1000
6701308,1000
6701313,1000
6701326,1000
6701332,1000
6701336,1000
6701345,1000
6701346,1000
6701352,1000
6701358,1000
6701381,1000
6701386,1000
6701397,1000
6701399,1000
6701409,1000
6701410,1000
6701411,1000
6701420,1000
6701421,1000
6701425,1000
6701437,1000
6701440,1000
6701448,1000
6701451,1000
6701463,1000
6701487,1000
6701494,1000
6701497,1000
6701499,1000
6701510,1000
6701514,1000
6701521,1000
6701526,1000
6701534,1000
6701538,1000
6701544,1000
6701554,1000
6701557,1000
6701559,1000
6701564,1000
6701574,1000
6701606,1000
6701611,1000
6701641,1000
6701647,1000
6701648,1000
6701657,1000
6701660,1000
6701670,1000
6701673,1000
6701677,1000
6701679,1000
6701680,1000
6701699,1000
6701701,1000
6701715,1000
6701735,1000
6701736,1000
6701746,1000
6701750,1000
6701769,1000
6701772,1000
6701787,1000
6701790,1000
6701792,1000
6701793,1000
6701804,1000
6701818,1000
6701824,1000
6701828,1000
6701837,1000
6701844,1000
6701858,1000
6701865,1000
6701869,1000
6701912,1000
6701916,1000
6701922,1000
6701927,1000
6701931,1000
6701935,1000
6701944,1000
6701948,1000
6701950,1000
6701957,1000
6701960,1000
6701966,1000
6701975,1000
6701986,1000
6702004,1000
6702009,1000
6702020,1000
6702021,1000
6702039,1000
6702061,1000
6702076,1000
6702083,1000
6702085,1000
6702087,1000
6702096,1000
6702099,1000
6702101,1000
6702102,1000
6702117,1000
6702127,1000
6702130,1000
6702135,1000
6702143,1000
6702147,1000
6702178,1000
6702183,1000
6702185,1000
6702187,1000
6702191,1000
6702215,1000
6702218,1000
6702222,1000
6702239,1000
6702241,1000
6702247,1000
6702250,1000
6702259,1000
6702263,1000
6702264,1000
6702280,1000
6702291,1000
6702293,1000
6702300,1000
6697270,1001
6697274,1001
6697284,1001
6697286,1001
6697289,1001
6697295,1001
6697296,1001
6697298,1001
6697305,1001
6697342,1001
6697371,1001
6697372,1001
6697375,1001
6697378,1001
6697379,1001
6697389,1001
6697400,1001
6697405,1001
6697412,1001
6697427,1001
6697445,1001
6697450,1001
6697456,1001
6697464,1001
6697465,1001
6697468,1001
6697491,1001
6697502,1001
6697510,1001
6697524,1001
6697527,1001
6697540,1001
6697550,1001
6697551,1001
6697552,1001
6697553,1001
6697560,1001
6697561,1001
6697589,1001
6697607,1001
6697612,1001
6697614,1001
6697617,1001
6697618,1001
6697628,1001
6697645,1001
6697646,1001
6697647,1001
6697654,1001
6697656,1001
6697661,1001
6697665,1001
6697670,1001
6697685,1001
6697715,1001
6697723,1001
6697725,1001
6697732,1001
6697735,1001
6697745,1001
6697748,1001
6697754,1001
6697756,1001
6697763,1001
6697775,1001
6697785,1001
6697799,1001
6697813,1001
6697828,1001
6697844,1001
6697857,1001
6697861,1001
6697864,1001
6697865,1001
6697871,1001
6697881,1001
6697883,1001
6697891,1001
6697894,1001
6697925,1001
6697930,1001
6697942,1001
6697944,1001
6697946,1001
6697948,1001
6697952,1001
6697954,1001
6697958,1001
6697964,1001
6697974,1001
6697984,1001
6697999,1001
6698004,1001
6698019,1001
6698020,1001
6698048,1001
6698052,1001
6698054,1001
6698071,1001
6698076,1001
6698099,1001
6698100,1001
6698125,1001
6698126,1001
6698132,1001
6698133,1001
6698134,1001
6698143,1001
6698159,1001
6698178,1001
6698182,1001
6698189,1001
6698190,1001
6698197,1001
6698212,1001
6698214,1001
6698226,1001
6698232,1001
6698245,1001
6698247,1001
6698253,1001
6698257,1001
6698266,1001
6698268,1001
6698272,1001
6698273,1001
6698281,1001
6698288,1001
6698290,1001
6698294,1001
6698299,1001
6698303,1001
6698312,1001
6698351,1001
6698352,1001
6698354,1001
6698360,1001
6698362,1001
6698365,1001
6698369,1001
6698386,1001
6698388,1001
6698389,1001
6698393,1001
6698405,1001
6698406,1001
6698422,1001
6698427,1001
6698435,1001
6698439,1001
6698458,1001
6698462,1001
6698463,1001
6698470,1001
6698484,1001
6698491,1001
6698492,1001
6698493,1001
6698499,1001
6698500,1001
6698505,1001
6698514,1001
6698517,1001
6698524,1001
6698525,1001
6698538,1001
6698540,1001
6698575,1001
6698586,1001
6698593,1001
6698598,1001
6698599,1001
6698603,1001
6698606,1001
6698615,1001
6698627,1001
6698628,1001
6698631,1001
6698632,1001
6698633,1001
6698645,1001
6698651,1001
6698653,1001
6698658,1001
6698660,1001
6698663,1001
6698686,1001
6698688,1001
6698692,1001
6698701,1001
6698708,1001
6698713,1001
6698722,1001
6698731,1001
6698733,1001
6698736,1001
6698753,1001
6698757,1001
6698758,1001
6698759,1001
6698765,1001
6698780,1001
6698783,1001
6698790,1001
6698794,1001
6698795,1001
6698808,1001
6698817,1001
6698819,1001
6698821,1001
6698827,1001
6698829,1001
6698834,1001
6698837,1001
6698838,1001
6698846,1001
6698848,1001
6698851,1001
6698863,1001
6698868,1001
6698869,1001
6698874,1001
6698879,1001
6698883,1001
6698893,1001
6698898,1001
6698899,1001
6698901,1001
6698911,1001
6698913,1001
6698920,1001
6698924,1001
6698935,1001
6698936,1001
6698950,1001
6698996,1001
6698998,1001
6698999,1001
6699005,1001
6699013,1001
6699027,1001
6699035,1001
6699048,1001
6699054,1001
6699055,1001
6699058,1001
6699070,1001
6699073,1001
6699097,1001
6699114,1001
6699121,1001
6699146,1001
6699152,1001
6699153,1001
6699163,1001
6699167,1001
6699171,1001
6699172,1001
6699184,1001
6699186,1001
6699192,1001
6699201,1001
6699208,1001
6699210,1001
6699216,1001
6699223,1001
6699233,1001
6699236,1001
6699242,1001
6699245,1001
6699255,1001
6699261,1001
6699266,1001
6699272,1001
6699273,1001
6699283,1001
6699284,1001
6699287,1001
6699295,1001
6699309,1001
6699311,1001
6699318,1001
6699329,1001
6699341,1001
6699343,1001
6699348,1001
6699352,1001
6699363,1001
6699364,1001
6699384,1001
6699386,1001
6699399,1001
6699420,1001
6699427,1001
6699438,1001
6699442,1001
6699453,1001
6699463,1001
6699466,1001
6699472,1001
6699496,1001
6699502,1001
6699512,1001
6699515,1001
6699516,1001
6699521,1001
6699525,1001
6699533,1001
6699542,1001
6699560,1001
6699575,1001
6699579,1001
6699581,1001
6699582,1001
6699585,1001
6699587,1001
6699589,1001
6699590,1001
6699594,1001
6699601,1001
6699623,1001
6699634,1001
6699649,1001
6699651,1001
6699656,1001
6699658,1001
6699672,1001
6699683,1001
6699704,1001
6699712,1001
6699736,1001
6699749,1001
6699791,1001
6699794,1001
6699798,1001
6699799,1001
6699803,1001
6699808,1001
6699817,1001
6699820,1001
6699823,1001
6699842,1001
6699843,1001
6699856,1001
6699858,1001
6699861,1001
6699862,1001
6699866,1001
6699869,1001
6699874,1001
6699876,1001
6699880,1001
6699884,1001
6699892,1001
6699896,1001
6699902,1001
6699922,1001
6699934,1001
6699935,1001
6699944,1001
6699945,1001
6699952,1001
6699956,1001
6699964,1001
6699968,1001
6699972,1001
6699973,1001
6699997,1001
6700005,1001
6700015,1001
6700028,1001
6700031,1001
6700034,1001
6700052,1001
6700053,1001
6700066,1001
6700082,1001
6700083,1001
6700102,1001
6700106,1001
6700116,1001
6700120,1001
6700136,1001
6700137,1001
6700143,1001
6700155,1001
6700157,1001
6700158,1001
6700165,1001
6700168,1001
6700175,1001
6700184,1001
6700192,1001
6700193,1001
6700202,1001
6700210,1001
6700221,1001
6700231,1001
6700232,1001
6700253,1001
6700257,1001
6700263,1001
6700266,1001
6700294,1001
6700297,1001
6700299,1001
6700304,1001
6700331,1001
6700339,1001
6700340,1001
6700347,1001
6700348,1001
6700355,1001
6700356,1001
6700363,1001
6700373,1001
6700374,1001
6700389,1001
6700394,1001
6700396,1001
6700401,1001
6700411,1001
6700417,1001
6700455,1001
6700474,1001
6700480,1001
6700486,1001
6700491,1001
6700493,1001
6700497,1001
6700498,1001
6700507,1001
6700509,1001
6700510,1001
6700512,1001
6700517,1001
6700518,1001
6700526,1001
6700528,1001
6700535,1001
6700536,1001
6700537,1001
6700540,1001
6700543,1001
6700546,1001
6700548,1001
6700555,1001
6700565,1001
6700566,1001
6700567,1001
6700569,1001
6700585,1001
6700590,1001
6700596,1001
6700597,1001
6700609,1001
6700614,1001
6700628,1001
6700631,1001
6700634,1001
6700635,1001
6700650,1001
6700676,1001
6700697,1001
6700698,1001
6700699,1001
6700702,1001
6700705,1001
6700710,1001
6700734,1001
6700736,1001
6700740,1001
6700741,1001
6700750,1001
6700755,1001
6700759,1001
6700764,1001
6700768,1001
6700770,1001
6700816,1001
6700851,1001
6700867,1001
6700870,1001
6700890,1001
6700894,1001
6700906,1001
6700908,1001
6700911,1001
6700914,1001
6700916,1001
6700918,1001
6700926,1001
6700934,1001
6700938,1001
6700940,1001
6700942,1001
6700943,1001
6700944,1001
6700946,1001
6700953,1001
6700955,1001
6700958,1001
6700959,1001
6700962,1001
6700981,1001
6700982,1001
6700986,1001
6700987,1001
6700992,1001
6701001,1001
6701008,1001
6701027,1001
6701029,1001
6701038,1001
6701039,1001
6701042,1001
6701057,1001
6701066,1001
6701091,1001
6701092,1001
6701107,1001
6701117,1001
6701125,1001
6701127,1001
6701131,1001
6701159,1001
6701173,1001
6701175,1001
6701180,1001
6701193,1001
6701220,1001
6701221,1001
6701222,1001
6701228,1001
6701245,1001
6701249,1001
6701251,1001
6701261,1001
6701265,1001
6701271,1001
6701280,1001
6701286,1001
6701299,1001
6701302,1001
6701305,1001
6701325,1001
6701337,1001
6701347,1001
6701354,1001
6701359,1001
6701378,1001
6701379,1001
6701413,1001
6701417,1001
6701431,1001
6701434,1001
6701435,1001
6701445,1001
6701449,1001
6701477,1001
6701493,1001
6701501,1001
6701506,1001
6701509,1001
6701512,1001
6701520,1001
6701522,1001
6701530,1001
6701562,1001
6701563,1001
6701569,1001
6701573,1001
6701585,1001
6701591,1001
6701603,1001
6701608,1001
6701623,1001
6701625,1001
6701626,1001
6701633,1001
6701643,1001
6701645,1001
6701649,1001
6701656,1001
6701665,1001
6701690,1001
6701691,1001
6701703,1001
6701712,1001
6701713,1001
6701714,1001
6701745,1001
6701747,1001
6701748,1001
6701749,1001
6701773,1001
6701785,1001
6701798,1001
6701799,1001
6701806,1001
6701807,1001
6701811,1001
6701815,1001
6701817,1001
6701819,1001
6701825,1001
6701840,1001
6701841,1001
6701845,1001
6701846,1001
6701849,1001
6701864,1001
6701866,1001
6701872,1001
6701875,1001
6701876,1001
6701882,1001
6701883,1001
6701884,1001
6701886,1001
6701889,1001
6701899,1001
6701900,1001
6701901,1001
6701903,1001
6701932,1001
6701933,1001
6701936,1001
6701942,1001
6701949,1001
6701952,1001
6701954,1001
6701961,1001
6701965,1001
6701970,1001
6701978,1001
6701993,1001
6701994,1001
6702001,1001
6702008,1001
6702015,1001
6702016,1001
6702017,1001
6702034,1001
6702041,1001
6702042,1001
6702047,1001
6702057,1001
6702059,1001
6702070,1001
6702081,1001
6702114,1001
6702115,1001
6702145,1001
6702161,1001
6702162,1001
6702167,1001
6702176,1001
6702205,1001
6702211,1001
6702213,1001
6702221,1001
6702224,1001
6702238,1001
6702244,1001
6702267,1001
6702272,1001
6702274,1001
6702279,1001
6702288,1001
6702290,1001
4101131,1002
4103150,1002
4104905,1002
6237190,1002
6697273,1002
6697278,1002
6697282,1002
6697303,1002
6697313,1002
6697315,1002
6697321,1002
6697348,1002
6697350,1002
6697373,1002
6697399,1002
6697407,1002
6697410,1002
6697411,1002
6697414,1002
6697426,1002
6697446,1002
6697458,1002
6697463,1002
6697467,1002
6697478,1002
6697479,1002
6697482,1002
6697490,1002
6697495,1002
6697497,1002
6697518,1002
6697536,1002
6697537,1002
6697547,1002
6697573,1002
6697586,1002
6697592,1002
6697597,1002
6697599,1002
6697616,1002
6697649,1002
6697671,1002
6697672,1002
6697673,1002
6697676,1002
6697683,1002
6697686,1002
6697690,1002
6697697,1002
6697700,1002
6697707,1002
6697708,1002
6697714,1002
6697719,1002
6697721,1002
6697737,1002
6697740,1002
6697746,1002
6697766,1002
6697767,1002
6697771,1002
6697776,1002
6697778,1002
6697808,1002
6697815,1002
6697820,1002
6697826,1002
6697838,1002
6697853,1002
6697855,1002
6697862,1002
6697873,1002
6697874,1002
6697886,1002
6697896,1002
6697899,1002
6697902,1002
6697914,1002
6697929,1002
6697940,1002
6697957,1002
6697962,1002
6697969,1002
6697977,1002
6697983,1002
6697987,1002
6697989,1002
6697993,1002
6697998,1002
6698001,1002
6698009,1002
6698012,1002
6698013,1002
6698026,1002
6698027,1002
6698050,1002
6698059,1002
6698068,1002
6698070,1002
6698081,1002
6698101,1002
6698107,1002
6698110,1002
6698116,1002
6698122,1002
6698129,1002
6698135,1002
6698137,1002
6698140,1002
6698146,1002
6698153,1002
6698157,1002
6698168,1002
6698171,1002
6698174,1002
6698184,1002
6698200,1002
6698209,1002
6698211,1002
6698215,1002
6698218,1002
6698222,1002
6698224,1002
6698231,1002
6698234,1002
6698236,1002
6698240,1002
6698256,1002
6698261,1002
6698263,1002
6698276,1002
6698286,1002
6698300,1002
6698304,1002
6698308,1002
6698311,1002
6698313,1002
6698323,1002
6698325,1002
6698326,1002
6698341,1002
6698344,1002
6698349,1002
6698357,1002
6698380,1002
6698383,1002
6698385,1002
6698394,1002
6698398,1002
6698402,1002
6698403,1002
6698408,1002
6698430,1002
6698436,1002
6698438,1002
6698446,1002
6698447,1002
6698450,1002
6698454,1002
6698455,1002
6698460,1002
6698475,1002
6698479,1002
6698487,1002
6698489,1002
6698506,1002
6698528,1002
6698537,1002
6698548,1002
6698551,1002
6698555,1002
6698572,1002
6698576,1002
6698592,1002
6698595,1002
6698610,1002
6698612,1002
6698613,1002
6698624,1002
6698647,1002
6698648,1002
6698664,1002
6698666,1002
6698672,1002
6698673,1002
6698674,1002
6698690,1002
6698691,1002
6698709,1002
6698710,1002
6698723,1002
6698724,1002
6698730,1002
6698732,1002
6698747,1002
6698749,1002
6698761,1002
6698774,1002
6698792,1002
6698797,1002
6698799,1002
6698805,1002
6698831,1002
6698832,1002
6698833,1002
6698839,1002
6698852,1002
6698859,1002
6698860,1002
6698861,1002
6698870,1002
6698882,1002
6698887,1002
6698892,1002
6698907,1002
6698909,1002
6698910,1002
6698921,1002
6698927,1002
6698932,1002
6698947,1002
6698951,1002
6698958,1002
6698967,1002
6698970,1002
6698975,1002
6698976,1002
6698986,1002
6698987,1002
6698988,1002
6698993,1002
6699002,1002
6699004,1002
6699008,1002
6699011,1002
6699012,1002
6699023,1002
6699033,1002
6699037,1002
6699044,1002
6699047,1002
6699052,1002
6699066,1002
6699071,1002
6699080,1002
6699084,1002
6699086,1002
6699091,1002
6699096,1002
6699101,1002
6699112,1002
6699122,1002
6699123,1002
6699124,1002
6699133,1002
6699137,1002
6699140,1002
6699147,1002
6699159,1002
6699160,1002
6699168,1002
6699190,1002
6699200,1002
6699212,1002
6699222,1002
6699232,1002
6699246,1002
6699263,1002
6699271,1002
6699285,1002
6699286,1002
6699303,1002
6699304,1002
6699306,1002
6699319,1002
6699336,1002
6699342,1002
6699344,1002
6699345,1002
6699354,1002
6699370,1002
6699374,1002
6699383,1002
6699393,1002
6699394,1002
6699398,1002
6699404,1002
6699432,1002
6699459,1002
6699477,1002
6699478,1002
6699484,1002
6699488,1002
6699499,1002
6699500,1002
6699510,1002
6699519,1002
6699532,1002
6699541,1002
6699544,1002
6699546,1002
6699554,1002
6699567,1002
6699576,1002
6699588,1002
6699593,1002
6699597,1002
6699598,1002
6699604,1002
6699619,1002
6699620,1002
6699636,1002
6699669,1002
6699684,1002
6699688,1002
6699690,1002
6699691,1002
6699716,1002
6699733,1002
6699737,1002
6699741,1002
6699756,1002
6699759,1002
6699767,1002
6699770,1002
6699775,1002
6699777,1002
6699778,1002
6699801,1002
6699807,1002
6699809,1002
6699821,1002
6699830,1002
6699833,1002
6699844,1002
6699857,1002
6699860,1002
6699878,1002
6699882,1002
6699891,1002
6699898,1002
6699915,1002
6699923,1002
6699946,1002
6699957,1002
6699969,1002
6699975,1002
6699977,1002
6699987,1002
6699992,1002
6699998,1002
6700002,1002
6700006,1002
6700017,1002
6700019,1002
6700025,1002
6700029,1002
6700040,1002
6700041,1002
6700048,1002
6700050,1002
6700054,1002
6700063,1002
6700068,1002
6700070,1002
6700074,1002
6700080,1002
6700087,1002
6700089,1002
6700093,1002
6700097,1002
6700099,1002
6700104,1002
6700109,1002
6700115,1002
6700117,1002
6700128,1002
6700131,1002
6700135,1002
6700153,1002
6700154,1002
6700177,1002
6700183,1002
6700189,1002
6700195,1002
6700199,1002
6700200,1002
6700203,1002
6700204,1002
6700215,1002
6700222,1002
6700242,1002
6700243,1002
6700245,1002
6700249,1002
6700251,1002
6700262,1002
6700267,1002
6700268,1002
6700269,1002
6700270,1002
6700281,1002
6700283,1002
6700287,1002
6700290,1002
6700302,1002
6700306,1002
6700310,1002
6700311,1002
6700320,1002
6700326,1002
6700335,1002
6700337,1002
6700341,1002
6700346,1002
6700365,1002
6700367,1002
6700383,1002
6700392,1002
6700399,1002
6700407,1002
6700433,1002
6700442,1002
6700443,1002
6700466,1002
6700467,1002
6700470,1002
6700482,1002
6700485,1002
6700487,1002
6700492,1002
6700495,1002
6700502,1002
6700504,1002
6700516,1002
6700533,1002
6700534,1002
6700551,1002
6700552,1002
6700554,1002
6700559,1002
6700560,1002
6700568,1002
6700574,1002
6700598,1002
6700605,1002
6700616,1002
6700624,1002
6700649,1002
6700651,1002
6700654,1002
6700661,1002
6700663,1002
6700666,1002
6700684,1002
6700688,1002
6700707,1002
6700717,1002
6700719,1002
6700721,1002
6700723,1002
6700735,1002
6700743,1002
6700753,1002
6700754,1002
6700762,1002
6700763,1002
6700783,1002
6700796,1002
6700800,1002
6700807,1002
6700818,1002
6700821,1002
6700826,1002
6700828,1002
6700839,1002
6700840,1002
6700842,1002
6700843,1002
6700845,1002
6700850,1002
6700852,1002
6700857,1002
6700858,1002
6700862,1002
6700874,1002
6700881,1002
6700887,1002
6700889,1002
6700910,1002
6700922,1002
6700930,1002
6700931,1002
6700935,1002
6700945,1002
6700966,1002
6700975,1002
6700980,1002
6700984,1002
6701006,1002
6701010,1002
6701016,1002
6701025,1002
6701034,1002
6701040,1002
6701041,1002
6701043,1002
6701048,1002
6701050,1002
6701055,1002
6701056,1002
6701058,1002
6701065,1002
6701086,1002
6701087,1002
6701099,1002
6701101,1002
6701103,1002
6701113,1002
6701120,1002
6701126,1002
6701132,1002
6701137,1002
6701139,1002
6701140,1002
6701172,1002
6701183,1002
6701196,1002
6701225,1002
6701239,1002
6701241,1002
6701243,1002
6701247,1002
6701270,1002
6701274,1002
6701279,1002
6701285,1002
6701291,1002
6701300,1002
6701309,1002
6701316,1002
6701342,1002
6701355,1002
6701365,1002
6701368,1002
6701369,1002
6701377,1002
6701388,1002
6701392,1002
6701394,1002
6701401,1002
6701406,1002
6701408,1002
6701412,1002
6701427,1002
6701428,1002
6701433,1002
6701438,1002
6701441,1002
6701444,1002
6701450,1002
6701455,1002
6701464,1002
6701467,1002
6701469,1002
6701476,1002
6701484,1002
6701489,1002
6701492,1002
6701498,1002
6701500,1002
6701503,1002
6701511,1002
6701519,1002
6701537,1002
6701539,1002
6701540,1002
6701545,1002
6701575,1002
6701576,1002
6701577,1002
6701578,1002
6701583,1002
6701587,1002
6701589,1002
6701593,1002
6701604,1002
6701605,1002
6701609,1002
6701615,1002
6701619,1002
6701637,1002
6701640,1002
6701642,1002
6701650,1002
6701651,1002
6701652,1002
6701654,1002
6701655,1002
6701659,1002
6701661,1002
6701671,1002
6701672,1002
6701675,1002
6701676,1002
6701684,1002
6701686,1002
6701702,1002
6701704,1002
6701718,1002
6701721,1002
6701722,1002
6701732,1002
6701739,1002
6701762,1002
6701783,1002
6701789,1002
6701801,1002
6701822,1002
6701830,1002
6701863,1002
6701873,1002
6701874,1002
6701888,1002
6701905,1002
6701907,1002
6701919,1002
6701940,1002
6701946,1002
6701951,1002
6701956,1002
6701959,1002
6701971,1002
6701972,1002
6701973,1002
6701981,1002
6701983,1002
6701984,1002
6701988,1002
6701990,1002
6701992,1002
6701997,1002
6702006,1002
6702011,1002
6702014,1002
6702037,1002
6702054,1002
6702056,1002
6702058,1002
6702068,1002
6702071,1002
6702073,1002
6702077,1002
6702079,1002
6702082,1002
6702105,1002
6702109,1002
6702110,1002
6702111,1002
6702124,1002
6702136,1002
6702138,1002
6702139,1002
6702146,1002
6702150,1002
6702165,1002
6702168,1002
6702179,1002
6702180,1002
6702193,1002
6702194,1002
6702197,1002
6702199,1002
6702201,1002
6702202,1002
6702212,1002
6702225,1002
6702237,1002
6702243,1002
6702253,1002
6702289,1002
6702298,1002
6702299,1002
6702302,1002
4107466,1003
4108256,1003
6697283,1003
6697290,1003
6697292,1003
6697299,1003
6697300,1003
6697306,1003
6697317,1003
6697320,1003
6697323,1003
6697332,1003
6697340,1003
6697341,1003
6697344,1003
6697349,1003
6697352,1003
6697360,1003
6697362,1003
6697363,1003
6697383,1003
6697390,1003
6697402,1003
6697406,1003
6697428,1003
6697429,1003
6697438,1003
6697443,1003
6697471,1003
6697476,1003
6697481,1003
6697486,1003
6697488,1003
6697494,1003
6697512,1003
6697515,1003
6697520,1003
6697543,1003
6697544,1003
6697545,1003
6697558,1003
6697562,1003
6697567,1003
6697571,1003
6697578,1003
6697579,1003
6697582,1003
6697590,1003
6697593,1003
6697601,1003
6697609,1003
6697610,1003
6697613,1003
6697615,1003
6697622,1003
6697626,1003
6697640,1003
6697644,1003
6697655,1003
6697658,1003
6697664,1003
6697667,1003
6697668,1003
6697675,1003
6697679,1003
6697703,1003
6697722,1003
6697730,1003
6697743,1003
6697744,1003
6697749,1003
6697753,1003
6697787,1003
6697788,1003
6697791,1003
6697802,1003
6697806,1003
6697809,1003
6697812,1003
6697821,1003
6697822,1003
6697823,1003
6697827,1003
6697830,1003
6697839,1003
6697851,1003
6697852,1003
6697875,1003
6697879,1003
6697880,1003
6697884,1003
6697885,1003
6697892,1003
6697897,1003
6697901,1003
6697906,1003
6697908,1003
6697915,1003
6697926,1003
6697932,1003
6697945,1003
6697950,1003
6697953,1003
6697963,1003
6697967,1003
6697976,1003
6697979,1003
6697982,1003
6697992,1003
6698010,1003
6698015,1003
6698017,1003
6698018,1003
6698032,1003
6698038,1003
6698046,1003
6698053,1003
6698060,1003
6698064,1003
6698067,1003
6698072,1003
6698085,1003
6698095,1003
6698097,1003
6698105,1003
6698112,1003
6698113,1003
6698127,1003
6698147,1003
6698163,1003
6698164,1003
6698165,1003
6698167,1003
6698183,1003
6698185,1003
6698199,1003
6698201,1003
6698225,1003
6698233,1003
6698235,1003
6698242,1003
6698249,1003
6698262,1003
6698264,1003
6698265,1003
6698278,1003
6698280,1003
6698283,1003
6698301,1003
6698315,1003
6698319,1003
6698322,1003
6698329,1003
6698332,1003
6698336,1003
6698339,1003
6698340,1003
6698342,1003
6698345,1003
6698347,1003
6698348,1003
6698353,1003
6698382,1003
6698410,1003
6698411,1003
6698421,1003
6698425,1003
6698432,1003
6698434,1003
6698444,1003
6698457,1003
6698461,1003
6698486,1003
6698494,1003
6698497,1003
6698502,1003
6698510,1003
6698515,1003
6698521,1003
6698522,1003
6698526,1003
6698543,1003
6698546,1003
6698553,1003
6698559,1003
6698568,1003
6698574,1003
6698582,1003
6698626,1003
6698630,1003
6698646,1003
6698661,1003
6698668,1003
6698680,1003
6698682,1003
6698683,1003
6698698,1003
6698702,1003
6698711,1003
6698726,1003
6698727,1003
6698737,1003
6698738,1003
6698739,1003
6698752,1003
6698773,1003
6698785,1003
6698788,1003
6698798,1003
6698803,1003
6698812,1003
6698815,1003
6698822,1003
6698823,1003
6698828,1003
6698835,1003
6698842,1003
6698845,1003
6698854,1003
6698867,1003
6698878,1003
6698885,1003
6698915,1003
6698919,1003
6698938,1003
6698944,1003
6698948,1003
6698953,1003
6698954,1003
6698959,1003
6698961,1003
6698966,1003
6698968,1003
6698971,1003
6698973,1003
6698984,1003
6698990,1003
6698995,1003
6699026,1003
6699032,1003
6699034,1003
6699040,1003
6699045,1003
6699064,1003
6699072,1003
6699074,1003
6699077,1003
6699081,1003
6699119,1003
6699126,1003
6699134,1003
6699138,1003
6699141,1003
6699142,1003
6699144,1003
6699151,1003
6699162,1003
6699187,1003
6699191,1003
6699193,1003
6699197,1003
6699202,1003
6699213,1003
6699217,1003
6699218,1003
6699227,1003
6699229,1003
6699239,1003
6699240,1003
6699241,1003
6699254,1003
6699267,1003
6699270,1003
6699274,1003
6699297,1003
6699302,1003
6699307,1003
6699322,1003
6699331,1003
6699356,1003
6699365,1003
6699366,1003
6699367,1003
6699368,1003
6699397,1003
6699403,1003
6699407,1003
6699408,1003
6699409,1003
6699415,1003
6699418,1003
6699419,1003
6699422,1003
6699426,1003
6699437,1003
6699441,1003
6699456,1003
6699460,1003
6699462,1003
6699464,1003
6699471,1003
6699481,1003
6699489,1003
6699490,1003
6699511,1003
6699517,1003
6699526,1003
6699530,1003
6699540,1003
6699548,1003
6699562,1003
6699563,1003
6699568,1003
6699583,1003
6699592,1003
6699611,1003
6699612,1003
6699614,1003
6699616,1003
6699627,1003
6699629,1003
6699641,1003
6699642,1003
6699644,1003
6699664,1003
6699677,1003
6699679,1003
6699682,1003
6699706,1003
6699707,1003
6699717,1003
6699721,1003
6699727,1003
6699729,1003
6699746,1003
6699753,1003
6699757,1003
6699772,1003
6699786,1003
6699792,1003
6699802,1003
6699811,1003
6699812,1003
6699814,1003
6699816,1003
6699824,1003
6699825,1003
6699846,1003
6699868,1003
6699870,1003
6699871,1003
6699899,1003
6699910,1003
6699918,1003
6699921,1003
6699924,1003
6699925,1003
6699938,1003
6699947,1003
6699948,1003
6699954,1003
6699955,1003
6699963,1003
6699967,1003
6699980,1003
6699989,1003
6699990,1003
6699994,1003
6700008,1003
6700009,1003
6700010,1003
6700013,1003
6700020,1003
6700026,1003
6700027,1003
6700030,1003
6700033,1003
6700037,1003
6700044,1003
6700045,1003
6700056,1003
6700077,1003
6700090,1003
6700095,1003
6700113,1003
6700118,1003
6700119,1003
6700141,1003
6700144,1003
6700148,1003
6700149,1003
6700156,1003
6700162,1003
6700163,1003
6700169,1003
6700190,1003
6700198,1003
6700207,1003
6700216,1003
6700218,1003
6700227,1003
6700237,1003
6700240,1003
6700246,1003
6700256,1003
6700271,1003
6700276,1003
6700279,1003
6700284,1003
6700309,1003
6700312,1003
6700314,1003
6700330,1003
6700333,1003
6700334,1003
6700357,1003
6700364,1003
6700377,1003
6700381,1003
6700402,1003
6700404,1003
6700405,1003
6700408,1003
6700416,1003
6700418,1003
6700447,1003
6700449,1003
6700489,1003
6700490,1003
6700499,1003
6700519,1003
6700522,1003
6700524,1003
6700538,1003
6700570,1003
6700582,1003
6700587,1003
6700593,1003
6700599,1003
6700602,1003
6700619,1003
6700632,1003
6700639,1003
6700652,1003
6700664,1003
6700668,1003
6700671,1003
6700677,1003
6700682,1003
6700691,1003
6700692,1003
6700695,1003
6700696,1003
6700703,1003
6700716,1003
6700727,1003
6700738,1003
6700749,1003
6700751,1003
6700758,1003
6700769,1003
6700772,1003
6700773,1003
6700784,1003
6700788,1003
6700791,1003
6700803,1003
6700804,1003
6700817,1003
6700819,1003
6700820,1003
6700830,1003
6700837,1003
6700838,1003
6700855,1003
6700861,1003
6700865,1003
6700873,1003
6700875,1003
6700882,1003
6700883,1003
6700892,1003
6700893,1003
6700895,1003
6700900,1003
6700904,1003
6700936,1003
6700947,1003
6700949,1003
6700954,1003
6700956,1003
6700960,1003
6700964,1003
6700965,1003
6700971,1003
6700972,1003
6700974,1003
6700983,1003
6700989,1003
6700997,1003
6701005,1003
6701015,1003
6701018,1003
6701023,1003
6701030,1003
6701037,1003
6701046,1003
6701047,1003
6701073,1003
6701102,1003
6701105,1003
6701108,1003
6701115,1003
6701118,1003
6701124,1003
6701135,1003
6701136,1003
6701147,1003
6701148,1003
6701156,1003
6701166,1003
6701168,1003
6701174,1003
6701182,1003
6701184,1003
6701188,1003
6701189,1003
6701192,1003
6701194,1003
6701199,1003
6701200,1003
6701214,1003
6701233,1003
6701237,1003
6701238,1003
6701267,1003
6701281,1003
6701287,1003
6701290,1003
6701312,1003
6701314,1003
6701323,1003
6701327,1003
6701331,1003
6701340,1003
6701360,1003
6701361,1003
6701364,1003
6701366,1003
6701370,1003
6701374,1003
6701380,1003
6701384,1003
6701385,1003
6701390,1003
6701402,1003
6701407,1003
6701414,1003
6701415,1003
6701418,1003
6701419,1003
6701429,1003
6701432,1003
6701439,1003
6701454,1003
6701458,1003
6701459,1003
6701462,1003
6701475,1003
6701482,1003
6701486,1003
6701495,1003
6701502,1003
6701515,1003
6701516,1003
6701517,1003
6701518,1003
6701527,1003
6701532,1003
6701536,1003
6701541,1003
6701548,1003
6701552,1003
6701556,1003
6701560,1003
6701568,1003
6701572,1003
6701588,1003
6701590,1003
6701614,1003
6701617,1003
6701618,1003
6701620,1003
6701628,1003
6701631,1003
6701634,1003
6701639,1003
6701662,1003
6701667,1003
6701669,1003
6701674,1003
6701681,1003
6701687,1003
6701688,1003
6701689,1003
6701692,1003
6701724,1003
6701725,1003
6701733,1003
6701738,1003
6701742,1003
6701743,1003
6701753,1003
6701768,1003
6701770,1003
6701777,1003
6701791,1003
6701794,1003
6701795,1003
6701797,1003
6701808,1003
6701829,1003
6701838,1003
6701860,1003
6701861,1003
6701868,1003
6701878,1003
6701879,1003
6701881,1003
6701890,1003
6701891,1003
6701893,1003
6701895,1003
6701896,1003
6701909,1003
6701913,1003
6701921,1003
6701924,1003
6701928,1003
6701938,1003
6701947,1003
6701977,1003
6702003,1003
6702007,1003
6702028,1003
6702038,1003
6702040,1003
6702048,1003
6702049,1003
6702051,1003
6702055,1003
6702062,1003
6702065,1003
6702066,1003
6702072,1003
6702088,1003
6702090,1003
6702098,1003
6702116,1003
6702122,1003
6702123,1003
6702128,1003
6702132,1003
6702137,1003
6702140,1003
6702149,1003
6702151,1003
6702158,1003
6702166,1003
6702170,1003
6702171,1003
6702182,1003
6702184,1003
6702195,1003
6702206,1003
6702207,1003
6702214,1003
6702220,1003
6702223,1003
6702232,1003
6702233,1003
6702246,1003
6702251,1003
6702260,1003
6702275,1003
6702276,1003
6702283,1003
6702295,1003
4103851,1004
4104216,1004
4106084,1004
6697269,1004
6697272,1004
6697285,1004
6697294,1004
6697302,1004
6697331,1004
6697337,1004
6697338,1004
6697347,1004
6697365,1004
6697369,1004
6697374,1004
6697392,1004
6697403,1004
6697409,1004
6697418,1004
6697421,1004
6697424,1004
6697430,1004
6697434,1004
6697441,1004
6697447,1004
6697452,1004
6697472,1004
6697475,1004
6697480,1004
6697485,1004
6697487,1004
6697498,1004
6697500,1004
6697507,1004
6697508,1004
6697511,1004
6697513,1004
6697514,1004
6697517,1004
6697525,1004
6697532,1004
6697541,1004
6697546,1004
6697554,1004
6697564,1004
6697566,1004
6697572,1004
6697577,1004
6697585,1004
6697594,1004
6697606,1004
6697611,1004
6697623,1004
6697627,1004
6697653,1004
6697677,1004
6697688,1004
6697692,1004
6697699,1004
6697709,1004
6697724,1004
6697726,1004
6697736,1004
6697738,1004
6697759,1004
6697764,1004
6697765,1004
6697768,1004
6697770,1004
6697773,1004
6697794,1004
6697800,1004
6697811,1004
6697816,1004
6697825,1004
6697831,1004
6697832,1004
6697835,1004
6697842,1004
6697850,1004
6697856,1004
6697858,1004
6697867,1004
6697869,1004
6697872,1004
6697876,1004
6697889,1004
6697890,1004
6697909,1004
6697916,1004
6697923,1004
6697927,1004
6697935,1004
6697939,1004
6697972,1004
6697973,1004
6697980,1004
6697985,1004
6698002,1004
6698007,1004
6698008,1004
6698014,1004
6698016,1004
6698023,1004
6698029,1004
6698041,1004
6698045,1004
6698087,1004
6698088,1004
6698094,1004
6698096,1004
6698104,1004
6698130,1004
6698131,1004
6698141,1004
6698144,1004
6698148,1004
6698156,1004
6698158,1004
6698175,1004
6698203,1004
6698204,1004
6698205,1004
6698208,1004
6698216,1004
6698220,1004
6698238,1004
6698248,1004
6698251,1004
6698258,1004
6698260,1004
6698267,1004
6698291,1004
6698305,1004
6698328,1004
6698343,1004
6698355,1004
6698363,1004
6698374,1004
6698391,1004
6698400,1004
6698401,1004
6698407,1004
6698413,1004
6698416,1004
6698418,1004
6698420,1004
6698428,1004
6698452,1004
6698456,1004
6698464,1004
6698465,1004
6698474,1004
6698478,1004
6698485,1004
6698488,1004
6698495,1004
6698498,1004
6698511,1004
6698512,1004
6698516,1004
6698518,1004
6698520,1004
6698541,1004
6698547,1004
6698570,1004
6698571,1004
6698578,1004
6698580,1004
6698581,1004
6698585,1004
6698600,1004
6698602,1004
6698605,1004
6698619,1004
6698621,1004
6698634,1004
6698635,1004
6698644,1004
6698654,1004
6698656,1004
6698665,1004
6698670,1004
6698671,1004
6698675,1004
6698681,1004
6698689,1004
6698700,1004
6698703,1004
6698704,1004
6698705,1004
6698718,1004
6698721,1004
6698729,1004
6698734,1004
6698735,1004
6698740,1004
6698746,1004
6698767,1004
6698770,1004
6698772,1004
6698784,1004
6698806,1004
6698818,1004
6698824,1004
6698826,1004
6698840,1004
6698844,1004
6698856,1004
6698866,1004
6698872,1004
6698875,1004
6698877,1004
6698881,1004
6698884,1004
6698886,1004
6698906,1004
6698925,1004
6698933,1004
6698943,1004
6698952,1004
6698956,1004
6698957,1004
6698977,1004
6698992,1004
6698997,1004
6699007,1004
6699010,1004
6699014,1004
6699017,1004
6699022,1004
6699039,1004
6699041,1004
6699046,1004
6699051,1004
6699053,1004
6699062,1004
6699087,1004
6699092,1004
6699099,1004
6699104,1004
6699107,1004
6699110,1004
6699113,1004
6699116,1004
6699117,1004
6699132,1004
6699161,1004
6699165,1004
6699182,1004
6699188,1004
6699206,1004
6699207,1004
6699214,1004
6699225,1004
6699234,1004
6699235,1004
6699238,1004
6699250,1004
6699259,1004
6699260,1004
6699264,1004
6699280,1004
6699293,1004
6699308,1004
6699315,1004
6699323,1004
6699325,1004
6699330,1004
6699333,1004
6699338,1004
6699340,1004
6699347,1004
6699353,1004
6699377,1004
6699381,1004
6699405,1004
6699413,1004
6699416,1004
6699421,1004
6699440,1004
6699448,1004
6699452,1004
6699457,1004
6699465,1004
6699469,1004
6699474,1004
6699483,1004
6699504,1004
6699534,1004
6699545,1004
6699555,1004
6699559,1004
6699566,1004
6699572,1004
6699573,1004
6699595,1004
6699602,1004
6699605,1004
6699606,1004
6699607,1004
6699621,1004
6699628,1004
6699635,1004
6699645,1004
6699652,1004
6699653,1004
6699663,1004
6699670,1004
6699671,1004
6699686,1004
6699689,1004
6699697,1004
6699700,1004
6699703,1004
6699705,1004
6699713,1004
6699720,1004
6699725,1004
6699738,1004
6699740,1004
6699750,1004
6699771,1004
6699776,1004
6699783,1004
6699784,1004
6699797,1004
6699810,1004
6699813,1004
6699818,1004
6699822,1004
6699831,1004
6699832,1004
6699834,1004
6699837,1004
6699840,1004
6699847,1004
6699855,1004
6699864,1004
6699873,1004
6699877,1004
6699885,1004
6699893,1004
6699903,1004
6699905,1004
6699909,1004
6699911,1004
6699912,1004
6699927,1004
6699932,1004
6699941,1004
6699962,1004
6699965,1004
6699971,1004
6700007,1004
6700021,1004
6700036,1004
6700038,1004
6700039,1004
6700047,1004
6700049,1004
6700051,1004
6700055,1004
6700057,1004
6700064,1004
6700076,1004
6700091,1004
6700103,1004
6700111,1004
6700112,1004
6700121,1004
6700124,1004
6700138,1004
6700146,1004
6700152,1004
6700160,1004
6700171,1004
6700174,1004
6700182,1004
6700185,1004
6700186,1004
6700187,1004
6700211,1004
6700212,1004
6700213,1004
6700224,1004
6700248,1004
6700252,1004
6700264,1004
6700265,1004
6700274,1004
6700278,1004
6700280,1004
6700285,1004
6700288,1004
6700292,1004
6700296,1004
6700300,1004
6700307,1004
6700316,1004
6700318,1004
6700323,1004
6700324,1004
6700325,1004
6700329,1004
6700332,1004
6700342,1004
6700352,1004
6700361,1004
6700362,1004
6700386,1004
6700390,1004
6700393,1004
6700395,1004
6700397,1004
6700398,1004
6700400,1004
6700403,1004
6700406,1004
6700424,1004
6700427,1004
6700429,1004
6700430,1004
6700431,1004
6700437,1004
6700438,1004
6700440,1004
6700441,1004
6700446,1004
6700452,1004
6700453,1004
6700456,1004
6700457,1004
6700459,1004
6700473,1004
6700478,1004
6700481,1004
6700484,1004
6700501,1004
6700505,1004
6700511,1004
6700513,1004
6700515,1004
6700520,1004
6700532,1004
6700541,1004
6700542,1004
6700550,1004
6700573,1004
6700579,1004
6700584,1004
6700586,1004
6700591,1004
6700604,1004
6700607,1004
6700620,1004
6700625,1004
6700627,1004
6700641,1004
6700648,1004
6700655,1004
6700657,1004
6700662,1004
6700665,1004
6700669,1004
6700672,1004
6700673,1004
6700678,1004
6700679,1004
6700683,1004
6700694,1004
6700704,1004
6700712,1004
6700713,1004
6700718,1004
6700725,1004
6700726,1004
6700739,1004
6700744,1004
6700765,1004
6700775,1004
6700782,1004
6700790,1004
6700795,1004
6700797,1004
6700799,1004
6700809,1004
6700822,1004
6700835,1004
6700836,1004
6700848,1004
6700854,1004
6700866,1004
6700879,1004
6700884,1004
6700891,1004
6700902,1004
6700905,1004
6700907,1004
6700913,1004
6700923,1004
6700924,1004
6700925,1004
6700941,1004
6700950,1004
6700952,1004
6700968,1004
6700973,1004
6700979,1004
6700994,1004
6701002,1004
6701031,1004
6701032,1004
6701059,1004
6701061,1004
6701079,1004
6701080,1004
6701089,1004
6701093,1004
6701094,1004
6701104,1004
6701106,1004
6701114,1004
6701146,1004
6701149,1004
6701152,1004
6701153,1004
6701163,1004
6701164,1004
6701169,1004
6701185,1004
6701198,1004
6701202,1004
6701213,1004
6701218,1004
6701223,1004
6701235,1004
6701246,1004
6701248,1004
6701259,1004
6701263,1004
6701268,1004
6701269,1004
6701272,1004
6701277,1004
6701288,1004
6701295,1004
6701298,1004
6701303,1004
6701304,1004
6701317,1004
6701319,1004
6701320,1004
6701328,1004
6701334,1004
6701335,1004
6701348,1004
6701349,1004
6701350,1004
6701362,1004
6701367,1004
6701371,1004
6701373,1004
6701383,1004
6701398,1004
6701405,1004
6701416,1004
6701426,1004
6701443,1004
6701446,1004
6701447,1004
6701456,1004
6701460,1004
6701461,1004
6701466,1004
6701470,1004
6701473,1004
6701478,1004
6701480,1004
6701481,1004
6701483,1004
6701485,1004
6701496,1004
6701524,1004
6701525,1004
6701528,1004
6701529,1004
6701531,1004
6701543,1004
6701546,1004
6701555,1004
6701567,1004
6701570,1004
6701581,1004
6701584,1004
6701592,1004
6701596,1004
6701607,1004
6701612,1004
6701613,1004
6701622,1004
6701638,1004
6701663,1004
6701664,1004
6701666,1004
6701668,1004
6701682,1004
6701695,1004
6701698,1004
6701707,1004
6701719,1004
6701723,1004
6701730,1004
6701731,1004
6701737,1004
6701741,1004
6701744,1004
6701752,1004
6701754,1004
6701757,1004
6701765,1004
6701774,1004
6701778,1004
6701784,1004
6701788,1004
6701796,1004
6701803,1004
6701821,1004
6701831,1004
6701833,1004
6701848,1004
6701851,1004
6701856,1004
6701862,1004
6701902,1004
6701904,1004
6701910,1004
6701917,1004
6701920,1004
6701926,1004
6701930,1004
6701943,1004
6701945,1004
6701953,1004
6701955,1004
6701963,1004
6701964,1004
6701967,1004
6701969,1004
6701979,1004
6701987,1004
6702002,1004
6702025,1004
6702026,1004
6702027,1004
6702031,1004
6702032,1004
6702033,1004
6702044,1004
6702045,1004
6702050,1004
6702052,1004
6702053,1004
6702095,1004
6702103,1004
6702108,1004
6702112,1004
6702118,1004
6702133,1004
6702154,1004
6702155,1004
6702157,1004
6702159,1004
6702172,1004
6702177,1004
6702190,1004
6702192,1004
6702196,1004
6702198,1004
6702204,1004
6702217,1004
6702226,1004
6702227,1004
6702231,1004
6702236,1004
6702240,1004
6702254,1004
6702258,1004
6702265,1004
6702269,1004
6702273,1004
6702277,1004
6702284,1004
6702296,1004
6702303,1004
4099947,1005
4102549,1005
4103611,1005
4104163,1005
4105019,1005
4107408,1005
6697275,1005
6697279,1005
6697297,1005
6697304,1005
6697326,1005
6697329,1005
6697336,1005
6697356,1005
6697357,1005
6697359,1005
6697361,1005
6697376,1005
6697385,1005
6697388,1005
6697416,1005
6697417,1005
6697431,1005
6697432,1005
6697442,1005
6697444,1005
6697449,1005
6697451,1005
6697454,1005
6697462,1005
6697470,1005
6697496,1005
6697509,1005
6697523,1005
6697526,1005
6697529,1005
6697533,1005
6697542,1005
6697557,1005
6697568,1005
6697569,1005
6697575,1005
6697588,1005
6697591,1005
6697600,1005
6697602,1005
6697619,1005
6697620,1005
6697632,1005
6697650,1005
6697659,1005
6697684,1005
6697695,1005
6697705,1005
6697718,1005
6697720,1005
6697727,1005
6697742,1005
6697752,1005
6697755,1005
6697758,1005
6697760,1005
6697777,1005
6697780,1005
6697782,1005
6697784,1005
6697790,1005
6697803,1005
6697807,1005
6697814,1005
6697819,1005
6697824,1005
6697840,1005
6697868,1005
6697887,1005
6697900,1005
6697912,1005
6697913,1005
6697933,1005
6697937,1005
6697949,1005
6697956,1005
6697959,1005
6697961,1005
6697990,1005
6698021,1005
6698030,1005
6698033,1005
6698039,1005
6698047,1005
6698049,1005
6698061,1005
6698063,1005
6698066,1005
6698074,1005
6698078,1005
6698084,1005
6698086,1005
6698089,1005
6698091,1005
6698108,1005
6698114,1005
6698128,1005
6698138,1005
6698149,1005
6698152,1005
6698155,1005
6698176,1005
6698188,1005
6698193,1005
6698194,1005
6698196,1005
6698221,1005
6698229,1005
6698239,1005
6698274,1005
6698287,1005
6698292,1005
6698296,1005
6698298,1005
6698302,1005
6698307,1005
6698318,1005
6698320,1005
6698334,1005
6698338,1005
6698358,1005
6698361,1005
6698368,1005
6698384,1005
6698390,1005
6698409,1005
6698424,1005
6698426,1005
6698433,1005
6698467,1005
6698471,1005
6698472,1005
6698480,1005
6698482,1005
6698490,1005
6698503,1005
6698507,1005
6698519,1005
6698530,1005
6698549,1005
6698554,1005
6698558,1005
6698564,1005
6698565,1005
6698573,1005
6698584,1005
6698588,1005
6698589,1005
6698594,1005
6698611,1005
6698620,1005
6698622,1005
6698639,1005
6698652,1005
6698657,1005
6698676,1005
6698679,1005
6698714,1005
6698715,1005
6698716,1005
6698741,1005
6698744,1005
6698754,1005
6698760,1005
6698763,1005
6698776,1005
6698778,1005
6698779,1005
6698781,1005
6698789,1005
6698810,1005
6698813,1005
6698858,1005
6698865,1005
6698871,1005
6698873,1005
6698888,1005
6698889,1005
6698890,1005
6698894,1005
6698929,1005
6698934,1005
6698937,1005
6698941,1005
6698942,1005
6698962,1005
6698969,1005
6698979,1005
6698980,1005
6698983,1005
6698989,1005
6699000,1005
6699001,1005
6699009,1005
6699018,1005
6699019,1005
6699021,1005
6699028,1005
6699031,1005
6699049,1005
6699057,1005
6699065,1005
6699067,1005
6699068,1005
6699076,1005
6699078,1005
6699079,1005
6699089,1005
6699095,1005
6699103,1005
6699108,1005
6699118,1005
6699120,1005
6699129,1005
6699131,1005
6699135,1005
6699136,1005
6699143,1005
6699149,1005
6699157,1005
6699158,1005
6699170,1005
6699176,1005
6699177,1005
6699181,1005
6699196,1005
6699198,1005
6699215,1005
6699221,1005
6699228,1005
6699247,1005
6699252,1005
6699262,1005
6699276,1005
6699277,1005
6699278,1005
6699290,1005
6699294,1005
6699301,1005
6699326,1005
6699328,1005
6699335,1005
6699346,1005
6699350,1005
6699355,1005
6699357,1005
6699358,1005
6699369,1005
6699378,1005
6699380,1005
6699392,1005
6699401,1005
6699406,1005
6699411,1005
6699414,1005
6699417,1005
6699425,1005
6699429,1005
6699435,1005
6699439,1005
6699450,1005
6699455,1005
6699470,1005
6699479,1005
6699480,1005
6699486,1005
6699487,1005
6699493,1005
6699495,1005
6699506,1005
6699513,1005
6699518,1005
6699520,1005
6699522,1005
6699528,1005
6699538,1005
6699539,1005
6699543,1005
6699556,1005
6699558,1005
6699561,1005
6699571,1005
6699584,1005
6699596,1005
6699599,1005
6699617,1005
6699643,1005
6699646,1005
6699647,1005
6699674,1005
6699676,1005
6699678,1005
6699685,1005
6699687,1005
6699698,1005
6699699,1005
6699709,1005
6699714,1005
6699723,1005
6699726,1005
6699731,1005
6699732,1005
6699734,1005
6699744,1005
6699752,1005
6699755,1005
6699762,1005
6699763,1005
6699766,1005
6699768,1005
6699780,1005
6699781,1005
6699788,1005
6699789,1005
6699795,1005
6699806,1005
6699819,1005
6699828,1005
6699835,1005
6699851,1005
6699859,1005
6699872,1005
6699888,1005
6699897,1005
6699907,1005
6699913,1005
6699916,1005
6699917,1005
6699919,1005
6699926,1005
6699930,1005
6699931,1005
6699951,1005
6699953,1005
6699979,1005
6699983,1005
6699984,1005
6699985,1005
6699986,1005
6699991,1005
6699995,1005
6700000,1005
6700003,1005
6700011,1005
6700014,1005
6700016,1005
6700022,1005
6700023,1005
6700060,1005
6700071,1005
6700079,1005
6700085,1005
6700088,1005
6700100,1005
6700101,1005
6700107,1005
6700108,1005
6700122,1005
6700125,1005
6700126,1005
6700130,1005
6700133,1005
6700170,1005
6700178,1005
6700191,1005
6700196,1005
6700205,1005
6700206,1005
6700208,1005
6700217,1005
6700219,1005
6700220,1005
6700230,1005
6700233,1005
6700244,1005
6700250,1005
6700254,1005
6700255,1005
6700286,1005
6700293,1005
6700301,1005
6700315,1005
6700322,1005
6700327,1005
6700336,1005
6700353,1005
6700366,1005
6700369,1005
6700378,1005
6700379,1005
6700391,1005
6700410,1005
6700412,1005
6700413,1005
6700414,1005
6700421,1005
6700425,1005
6700426,1005
6700435,1005
6700460,1005
6700472,1005
6700475,1005
6700476,1005
6700477,1005
6700479,1005
6700503,1005
6700506,1005
6700508,1005
6700514,1005
6700529,1005
6700539,1005
6700561,1005
6700563,1005
6700583,1005
6700588,1005
6700595,1005
6700601,1005
6700603,1005
6700610,1005
6700612,1005
6700630,1005
6700643,1005
6700644,1005
6700659,1005
6700667,1005
6700693,1005
6700709,1005
6700711,1005
6700724,1005
6700730,1005
6700737,1005
6700760,1005
6700761,1005
6700767,1005
6700777,1005
6700781,1005
6700792,1005
6700805,1005
6700811,1005
6700812,1005
6700815,1005
6700834,1005
6700844,1005
6700853,1005
6700856,1005
6700859,1005
6700869,1005
6700872,1005
6700896,1005
6700898,1005
6700927,1005
6700928,1005
6700929,1005
6700932,1005
6700937,1005
6700957,1005
6700967,1005
6700995,1005
6700998,1005
6701003,1005
6701004,1005
6701009,1005
6701011,1005
6701017,1005
6701026,1005
6701035,1005
6701044,1005
6701060,1005
6701068,1005
6701078,1005
6701083,1005
6701088,1005
6701095,1005
6701098,1005
6701100,1005
6701111,1005
6701119,1005
6701122,1005
6701141,1005
6701145,1005
6701150,1005
6701154,1005
6701158,1005
6701162,1005
6701167,1005
6701170,1005
6701176,1005
6701179,1005
6701197,1005
6701204,1005
6701205,1005
6701206,1005
6701211,1005
6701215,1005
6701217,1005
6701219,1005
6701227,1005
6701231,1005
6701234,1005
6701244,1005
6701252,1005
6701253,1005
6701255,1005
6701257,1005
6701260,1005
6701282,1005
6701284,1005
6701296,1005
6701297,1005
6701315,1005
6701330,1005
6701339,1005
6701357,1005
6701391,1005
6701393,1005
6701404,1005
6701422,1005
6701430,1005
6701452,1005
6701465,1005
6701472,1005
6701479,1005
6701488,1005
6701490,1005
6701504,1005
6701533,1005
6701549,1005
6701550,1005
6701558,1005
6701571,1005
6701579,1005
6701586,1005
6701594,1005
6701599,1005
6701610,1005
6701632,1005
6701635,1005
6701636,1005
6701644,1005
6701653,1005
6701678,1005
6701683,1005
6701696,1005
6701697,1005
6701720,1005
6701726,1005
6701734,1005
6701751,1005
6701759,1005
6701764,1005
6701767,1005
6701776,1005
6701780,1005
6701781,1005
6701786,1005
6701800,1005
6701809,1005
6701812,1005
6701814,1005
6701816,1005
6701826,1005
6701832,1005
6701835,1005
6701836,1005
6701847,1005
6701852,1005
6701854,1005
6701857,1005
6701871,1005
6701880,1005
6701911,1005
6701918,1005
6701923,1005
6701937,1005
6701939,1005
6701974,1005
6701976,1005
6701985,1005
6701989,1005
6701996,1005
6701998,1005
6701999,1005
6702000,1005
6702010,1005
6702013,1005
6702019,1005
6702022,1005
6702024,1005
6702029,1005
6702030,1005
6702036,1005
6702046,1005
6702064,1005
6702069,1005
6702078,1005
6702084,1005
6702089,1005
6702094,1005
6702100,1005
6702104,1005
6702107,1005
6702113,1005
6702121,1005
6702125,1005
6702126,1005
6702142,1005
6702144,1005
6702160,1005
6702163,1005
6702173,1005
6702200,1005
6702203,1005
6702209,1005
6702230,1005
6702234,1005
6702252,1005
6702256,1005
6702262,1005
6702266,1005
6702268,1005
6702271,1005
6702278,1005
6702282,1005
6702286,1005
6702292,1005
6702294,1005
6702301,1005
6697277,1006
6697631,1006
6697663,1006
6698946,1006
6699577,1006
6697637,1007
6698397,1007
6698751,1007
6698981,1007
6701062,1007
6702152,1007
6697639,1008
6698539,1008
6700147,1008
6701898,1008
6698431,1009
6699974,1009
6700920,1009
6701839,1009
6701980,1009
6702074,1009
6697293,1010
6698252,1010
6699508,1010
6699769,1010
6701208,1010
6701602,1010
6701929,1010
6698289,1011
6700035,1011
6700813,1011
6697795,1012
6698814,1012
6699600,1012
6700247,1012
6701906,1012
6697804,1013
6699102,1013
6699550,1013
6700161,1013
6697386,1014
6697477,1014
6698306,1014
6698926,1014
6699696,1014
6700419,1014
6701914,1014
6699681,1015
6699800,1015
6699436,1016
6699739,1016
6701019,1016
6698090,1017
6698508,1017
6698560,1017
6700358,1017
6701941,1017
6698638,1018
6699362,1018
6699390,1018
6699402,1018
6699473,1018
6699836,1018
6702208,1018
6699128,1019
6700680,1019
6697309,1020
6697583,1020
6697728,1020
6698121,1020
6700110,1020
6697711,1021
6698057,1021
6699127,1021
6699291,1021
6700544,1021
6701181,1021
6701870,1021
6699610,1022
6700061,1022
6702257,1022
6697316,1023
6697380,1023
6698309,1023
6701535,1023
6701708,1023
6702119,1023
6698370,1024
6698469,1024
6698483,1024
6699258,1024
6701351,1024
6701968,1024
6702174,1024
6698445,1025
6698596,1027
6698643,1027
6699351,1027
6700024,1027
6701566,1027
6699189,1028
6702091,1028
6702141,1028
6697394,1029
6697751,1029
6698807,1029
6700142,1029
6700164,1029
6700345,1029
6702153,1029
6702297,1029
6697398,1030
6697660,1030
6698062,1030
6699745,1030
6699751,1030
6697366,1031
6697924,1031
6701542,1031
6701717,1031
6697364,1032
6698271,1032
6699640,1032
6700308,1032
6700638,1032
6699178,1033
6701962,1033
6699501,1034
6700637,1034
6701324,1034
6701629,1034
6697792,1035
6699509,1035
6699655,1035
6700779,1035
6701547,1035
6702097,1035
6702188,1035
6697877,1036
6698617,1036
6701229,1036
6701716,1036
6697603,1037
6699003,1037
6699327,1037
6700748,1037
6701000,1037
6698187,1038
6698669,1038
6698850,1039
6699735,1039
6700771,1039
6701740,1039
6699853,1040
6700372,1040
6700617,1040
6700774,1040
6700888,1040
6701307,1040
6701311,1040
6701991,1040
6702156,1040
6698791,1041
6699036,1041
6701423,1041
6702229,1041
6702245,1041
6698532,1042
6698569,1042
6698618,1042
6701128,1042
6698891,1043
6697731,1044
6698277,1044
6699269,1044
6699730,1044
6701442,1044
6701658,1044
6697312,1045
6699288,1045
6699961,1045
6701565,1045
6697319,1046
6698982,1046
6699043,1046
6699075,1046
6699505,1046
6700660,1046
6702181,1046
6701250,1047
6701376,1047
6699827,1048
6700321,1048
6698327,1049
6700471,1049
6701258,1049
6701306,1049
6697353,1050
6698782,1050
6698847,1050
6699494,1050
6699609,1050
6702248,1050
6698162,1051
6698191,1051
6699529,1051
6699661,1051
6701561,1051
6698103,1052
6698244,1052
6698371,1052
6700715,1052
6698771,1053
6699854,1054
6700525,1054
6700880,1054
6700996,1054
6701293,1054
6701755,1054
6698443,1055
6698931,1055
6699838,1055
6700608,1055
6701706,1055
6701897,1055
6697762,1056
6702129,1056
6697576,1057
6699106,1057
6699692,1057
6700059,1057
6701356,1057
6701389,1057
6702023,1057
6697318,1058
6697849,1058
6698963,1058
6699829,1058
6700172,1058
6700423,1058
6700675,1058
6697556,1059
6699412,1059
6701995,1059
6698536,1060
6698563,1060
6700801,1060
6701190,1060
6701400,1060
6701779,1060
6702131,1060
6697310,1061
6699265,1061
6700096,1061
6700129,1061
6700687,1061
